<?xml version="1.0" encoding="UTF-8" standalone="yes"?>
<addon id="plugin.video.uwc"
       name="Ultimate Whitecream"
       version="1.1.94"
       provider-name="Whitecream, holisticdioxide">
    <requires>
        <import addon="xbmc.python" version="2.1.0"/>
        <import addon="script.module.resolveurl" version="5.0.00"/>
        <import addon="script.module.resolveurl.xxx" version="2.0.01"/>
        <import addon="script.video.F4mProxy" version="2.5.7" />
		<import addon="script.module.requests" />

    </requires>
    <extension point="xbmc.python.pluginsource"
               library="default.py">
        <provides>video</provides>
    </extension>
    <extension point="xbmc.addon.metadata">
        <platform>all</platform>
        <license>GPL 2.0</license>
        <summary lang="en">Watch [COLOR red][B]ADULT[/B][/COLOR] Movies with Ultimate WhiteCream</summary>
        <description lang="en">Watch [COLOR red][B]ADULT[/B][/COLOR] Movies with Ultimate WhiteCream</description>
		<disclaimer lang="en">The author does not host or distribute any of the content displayed by this addon. The author does not have any affiliation with the content provider. DMCA - holisticdioxide@protonmail.com</disclaimer>
		<assets>
			<icon>icon.png</icon>
			<fanart>fanart.jpg</fanart>
		</assets>
        <news>[B]Version 1.1.94[/B]
Fixed: YourFreeTube
Porn00 - added category images
PornAQ - replaced by Woxtube
HD Zog-Search fixed
Mr. Sexe-Stars directory fixed
Removed: Ero-tik
Removed: Czech3x
FreeOMovie Next button didn't show.
Poldertube.nl fix, HD Sexfilms under categories didn't load
Porntrex fix, Categories & Channel directories didn't load images.
</news>
    </extension>
</addon>
