<?xml version="1.0" encoding="UTF-8"?>
<addon id="repository.dobbelina" name="[COLOR pink]Dobbelina Repository[/COLOR]" version="1.0.2" provider-name="dobbelina">
    <extension point="xbmc.addon.repository" name="[COLOR pink]Dobbelina Repository[/COLOR]">
    <dir>
        <info compressed="false">https://raw.githubusercontent.com/Gujal00/smrzips/master/addons.xml</info>
        <checksum>https://raw.githubusercontent.com/Gujal00/smrzips/master/addons.xml.md5</checksum>
        <datadir zip="true">https://raw.githubusercontent.com/Gujal00/smrzips/master/zips/</datadir>
</dir>
        <info compressed="false">https://raw.githubusercontent.com/dobbelina/repository.dobbelina/master/addons.xml</info>
        <checksum>https://raw.githubusercontent.com/dobbelina/repository.dobbelina/master/addons.xml.md5</checksum>
        <datadir zip="true">https://raw.githubusercontent.com/dobbelina/repository.dobbelina/master/</datadir>
    </extension>
    <extension point="xbmc.addon.metadata">
        <summary>Unofficial Addons for Kodi</summary>
		<description>For Ultimate Whitecream Updates

Please visit
https://github.com/dobbelina/repository.dobbelina/issues
for support!

Kodi is a registered trademark of the XBMC Foundation. We are not connected to or in any other way affiliated with Kodi, Team Kodi, or the XBMC Foundation.</description>
<disclaimer>The owners and submitters to this repository do not host or distribute any of the content displayed by these addons nor do they have any affiliation with the content providers.</disclaimer>
<forum>https://github.com/dobbelina/repository.dobbelina/issues</forum>
        <platform>all</platform>
    </extension>
</addon>

